Time,Headlines
31-Jan-19,"Nils Pratley on finance  


  Metro Bank chief has talked himself into hole over loans blunder"
31-Jan-19,Npower to cut 900 jobs as it predicts marked financial losses for 2019
31-Jan-19,Tax relief 'giveaways' to wealthy cost Britain at least £4bn a year
31-Jan-19,"Labour councils, Tory cuts and a century of fighting austerity"
31-Jan-19,Regulator criticises Thames Water over lack of effort to cut bills
31-Jan-19,Siemens UK warns of government industrial strategy divide
31-Jan-19,"UK wages worth up to a third less than in 2008, study shows"
31-Jan-19,Whistleblower Christopher Wylie joins fashion retailer H&M
31-Jan-19,Unilever stockpiles Magnum ice-cream in case of no-deal Brexit
31-Jan-19,The World Bank and IMF are in crisis. It's time to push a radical new vision
31-Jan-19,Gambling regulator warns firms over use of gagging orders
31-Jan-19,Business live  Italy falls into recession as eurozone economy struggles - as it happened
31-Jan-19,Italy slips into recession for third time in a decade
31-Jan-19,Seven UK councils sue Barclays over high-cost loans
31-Jan-19,"First thoughts  


  The UK isn’t ready to Brexit. Instead it’s heading towards a no-deal tsunami"
31-Jan-19,Asda shopworkers win landmark ruling in equal pay dispute
31-Jan-19,Uber and Cabify to suspend operations in Barcelona
31-Jan-19,Overcrowding in social housing in England soars to 24-year high
31-Jan-19,ITV's Love Island lands record sponsorship deal with Uber Eats
31-Jan-19,We shouldn't declare Trump's $1tn tax cut a failure just yet
31-Jan-19,UK house price growth stagnates on back of Brexit concerns
31-Jan-19,"UK fish and chip shops are selling endangered sharks, DNA tests prove"
31-Jan-19,Hospitality abuse: new website to encourage workers to speak out
31-Jan-19,Six UK fashion retailers fail to cotton on to sustainability
31-Jan-19,The long read  The Money Saving Expert: how Martin Lewis became the most trusted man in Britain
31-Jan-19,Morrison defends $36m for two ads before election as 'entirely appropriate'
31-Jan-19,Markets surge on positive earnings from tech firms and Fed move to hold rates
31-Jan-19,"Veganuary ends on record high with 250,000 participants"
31-Jan-19,"UK broadcasters face advertising tipping point, new study finds"
31-Jan-19,British car production slumps to five-year low
31-Jan-19,Facebook posts record profit despite year of scandal
31-Jan-19,Business live  Stocks surge as Fed leaves US interest rates on hold and promises 'patience' - as it happened
31-Jan-19,Staffline begins inquiry over concerns about invoicing and payroll
31-Jan-19,"Nils Pratley on finance  


  So just when, exactly, will the City press the no-deal panic button?"
31-Jan-19,Barclays to move £170bn to Dublin over no-deal Brexit fears
31-Jan-19,Taxpayers face £4bn annual pension bill after court ruling
31-Jan-19,Carlos Ghosn says fellow executives plotted to oust him
31-Jan-19,"Grogonomics  


  Inflation growth remains lower than Reserve Bank wants. How will it act?"
31-Jan-19,"Deloitte fined £400,000 over company linked to scandal-hit 1MDB"
31-Jan-19,Foxconn backtracks over promised factory jobs at $10bn Wisconsin site
30-Jan-19,Ex-Patisserie Valerie auditor says 'not his role to uncover fraud'
30-Jan-19,"Sorry, Howard Schultz – America doesn't want another billionaire president"
30-Jan-19,IoD chief steps down just two months before Brexit day
30-Jan-19,Vodafone tops most-complained about broadband provider list
30-Jan-19,UK shoppers rein in credit card use amid fears over economy
30-Jan-19,High street crisis deepens: 1 in 12 shops closed in five years
30-Jan-19,'How do they expect to run without us?' Tesla accused of axing key staff to cut costs
30-Jan-19,"When courts are closed in numbers like this, people are denied justice"
30-Jan-19,Pound falls after Commons vote spurs no-deal Brexit fears
30-Jan-19,Historian berates billionaires at Davos over tax avoidance
30-Jan-19,'This is not rocket science': Rutger Bregman tells Davos to talk about tax – video
30-Jan-19,UK house prices grow fastest in north of England and Midlands
30-Jan-19,Apple reports first decline in revenues and profits in over a decade
30-Jan-19,PG&E: California utility firm files for bankruptcy after deadly 2018 wildfires
30-Jan-19,Libya's oil chief calls for national force to guard petroleum installations
30-Jan-19,Mike Ashley sets sights on struggling furniture retailer Sofa.com
30-Jan-19,"Nils Pratley on finance  


  Is Royal Mail failing to deliver, or is the answer just lost in the post?"
30-Jan-19,The Guardian view on the US case against Huawei: the conflict sharpens
30-Jan-19,Patisserie Valerie accounts 'unreliable back to 2014'
30-Jan-19,Teen activist’s strong words for world leaders at Davos
29-Jan-19,Business live  UK personal insolvencies hit seven-year high; US consumer confidence slumps - business live
29-Jan-19,UK personal insolvencies hit seven-year high
29-Jan-19,Business chiefs call for dramatic overhaul of rates to help high street
29-Jan-19,Kendall Jenner and Bella Hadid facing possible subpoenas over Fyre Festival
29-Jan-19,"Here in Liverpool, we know what northern austerity looks like up close"
29-Jan-19,Discovery of biggest UK gasfield in a decade raises industry hopes
29-Jan-19,Royal Mail shares plunge to record low as it delivers fewer letters
29-Jan-19,Norwegian launches £270m rights issue after rebuffing IAG
29-Jan-19,"Why I won't miss Tesco's fake 'posh' deli, fish and meat counters"
29-Jan-19,"Animals farmed  Investors urge KFC, McDonald's and Burger King to cut emissions"
29-Jan-19,UK rail passenger satisfaction falls to lowest level since 2007
29-Jan-19,California hotel workers ‘on the brink’ of joining wave of strikes
29-Jan-19,Bill Gates says poverty is decreasing. He couldn’t be more wrong
29-Jan-19,"Domino's sells more than 500,000 pizzas in record UK trading day"
29-Jan-19,Huawei: China calls US charges 'immoral' as markets slide
29-Jan-19,Brexit weekly briefing  Brexit weekly briefing: MPs prepare to make do or amend
29-Jan-19,The Brexit threat hanging over startups in the UK tech sector
29-Jan-19,Scott Morrison offers small business tax relief as he touts economic credentials
29-Jan-19,Insects worm their way into Selfridges food hall in ‘bug bars’
29-Jan-19,Off-licence firm Oddbins warns of job losses
28-Jan-19,"The politics sketch  


  MPs pooh-pooh Tigger Hancock’s plans for the NHS after Brexit"
28-Jan-19,"Nils Pratley on finance  


  Tesco's CEO should note that simpler may not mean better"
28-Jan-19,Philip Green ends ‘gagging order’ action against Telegraph
28-Jan-19,"Tesco confirms 9,000 jobs at risk as it axes fresh food counters"
28-Jan-19,The Guardian view on teacher shortages: the trouble with data
28-Jan-19,"Brief letters  Con or cop, they’re all in the same boat"
28-Jan-19,Mortgages without Mum and Dad’s help
28-Jan-19,Government shutdown cost US economy $11bn
28-Jan-19,Pension scams: some victims have lost more than £1m to fraudsters
28-Jan-19,Shortcuts  The 100% mortgage is back – is it worth the risk?
28-Jan-19,Business live  European shares drift lower ahead of key US-China trade talks – as it happened
28-Jan-19,"No-deal Brexit would mean shortages and price rises, say retailers"
28-Jan-19,Labour report urges investment to revive struggling regions
28-Jan-19,Nissan investigated by SEC after Carlos Ghosn charges in Japan
28-Jan-19,"Looking on the bright side of climate change, think of all the money corporations can make"
28-Jan-19,"Jack Lear review – Shakespeare, shanties and a raging Barrie Rutter"
28-Jan-19,UK corporation tax cut to cost billions more than thought
28-Jan-19,Virginia students learn in trailers while state offers Amazon huge tax breaks
28-Jan-19,Morrisons to trial paper bags for groceries and higher price for plastic bags
28-Jan-19,Lloyds unveils 100% mortgage for first-time buyers
27-Jan-19,"Deprived northern regions worst hit by UK austerity, study finds"
27-Jan-19,'Desperation and despair': Barnsley's long battle with austerity
27-Jan-19,"No-deal Brexit: UK firms 'praying' for article 50 extension, says KPMG"
27-Jan-19,"Take on food industry to beat malnutrition and obesity, says report"
27-Jan-19,"Finally, a Tory MP is shocked by austerity"
27-Jan-19,"UK cannot simply trade on WTO terms after no-deal Brexit, say experts"
27-Jan-19,Ocado's secret talks with M&S could spell the end for Waitrose tie-up
27-Jan-19,Huawei's problems deepen as western suspicions mount
27-Jan-19,Thousands of Tesco jobs at risk as bosses look to axe fresh food counters
27-Jan-19,"Economics viewpoint  


  Davos 2019: the yawning gap between rhetoric and reality"
27-Jan-19,Need to track down a dog poo-petrator? There’s a DNA test for that
27-Jan-19,More means less when it comes to a great cafe
27-Jan-19,"Observer business agenda  


  Apple became the greatest. But is its crown slipping?"
27-Jan-19,"Business leader  


  Brexit warnings by Airbus and Siemens cannot be ignored"
27-Jan-19,"The networker  


  WhatsApp is now fighting the scourge of viral disinformation. About time"
27-Jan-19,"William Keegan's in my view  


  For the poor, it’s not Europe that’s the problem. It’s austerity"
27-Jan-19,"Future of digital journalism in question as BuzzFeed and HuffPost lay off 1,000"
27-Jan-19,What’s a chap to do if he can’t be beastly to the Germans?
27-Jan-19,"Stephen Rubin, owner of JD Sports, paid most tax in UK last year with £181m bill"
27-Jan-19,UK firms plan mass exodus if May allows no-deal Brexit
26-Jan-19,Small energy suppliers get a growth boost as their rivals collapse
26-Jan-19,The supermarket in Wales owned by a small council … in Surrey
26-Jan-19,Germany agrees to end reliance on coal stations by 2038
26-Jan-19,Hebden Bridge: how a thriving town lost its last bank
26-Jan-19,Letting fees ban is good news for tenants – but beware a backlash
26-Jan-19,"The best investment of the past 35 years? Sadly, it was cigarettes"
26-Jan-19,Davos 2019: 10 things we learned at the World Economic Forum
26-Jan-19,Orkney rated Britain's best place to live in terms of quality of life
26-Jan-19,Drug firm Novartis fears no-deal Brexit could put patients at risk
26-Jan-19,Cabinet Office compares no-deal Brexit to Iceland ash cloud chaos
26-Jan-19,Who is the Brexit-supporting Lord Bamford of JCB fame?
26-Jan-19,London Pride maker Fuller's sells beer business to Asahi for £250m
26-Jan-19,Brexit may lead to a slow-motion crash for Britain’s aerospace industry
26-Jan-19,Stemming the loss of small businesses
26-Jan-19,'I want you to panic': 16-year-old issues climate warning at Davos – video
26-Jan-19,Cod stocks on course to crash if ocean warming continues
26-Jan-19,Living with a food allergy is difficult enough without restaurants making it worse
26-Jan-19,"Facebook let children run up huge bills, court papers show"
26-Jan-19,"Brexit stockpiling by UK retailers and wholesalers reaching 2008 levels, says CBI"
26-Jan-19,Vodafone 'pauses' use of Huawei equipment over security concerns
25-Jan-19,"First thoughts  


  Britain is doing socialism for the rich again – this time for oil and gas"
25-Jan-19,Venezuela's political tug-of-war sparks fears for oil markets
25-Jan-19,Pret a Manger allergy victim's parents call for tough food label laws
25-Jan-19,"No-deal Brexit will disrupt UK economy, says Philip Hammond"
25-Jan-19,"Carlos Ghosn exit must not affect Nissan-Renault alliance, says Japan"
25-Jan-19,Police investigate human bone found in Primark socks
25-Jan-19,"Guardian Brexit watch  


  Prospect of no-deal Brexit 'very damaging': experts mine the data"
25-Jan-19,Guardian Brexit watch  How has Brexit vote affected the UK economy? January verdict
25-Jan-19,Guardian Brexit watch  Global slowdown threatens to worsen impact of no-deal Brexit
25-Jan-19,"Global recession? Brexit? Don't fret, get a cheap 10-year mortgage"
25-Jan-19,The long read  The business of kidnapping: inside the secret world of hostage negotiation
25-Jan-19,British taxpayers face £24bn bill for tax relief to oil and gas firms
25-Jan-19,George Soros: China is using tech advances to repress its people
25-Jan-19,"Business live  George Soros blasts China over AI, totalitarianism and 5G at Davos - as it happened"
25-Jan-19,Guardian Opinion cartoon  Steve Bell on the Airbus boss's opinion about May's Brexit planning – cartoon
25-Jan-19,UN executions expert to visit Turkey to lead Khashoggi inquiry
25-Jan-19,Philip Hammond urges business leaders to accept Brexit result
25-Jan-19,New Look may have to put itself up for sale as part of rescue refinance
25-Jan-19,Politics live with Andrew Sparrow  Brexit: Rudd defies No 10 by calling for Tory MPs to get free vote on move to rule out no deal – as it happened
25-Jan-19,Be still my eating heart: Sweethearts won't be on sale this Valentine's Day
24-Jan-19,Davos: head of IMF warns against rising fat-cat pay
24-Jan-19,Ford says no-deal Brexit would mean costs of $800m in 2019 alone
24-Jan-19,"Nils Pratley on finance  


  Take the Airbus chief's no-deal Brexit warning seriously"
24-Jan-19,Rise in UK household bills pushes spending up to 13-year high
24-Jan-19,Minister backs Airbus Brexit remarks and dares May to sack him
24-Jan-19,BBC considers setting up international base in Belgium after Brexit
24-Jan-19,Renault names new chairman and CEO after Carlos Ghosn quits
24-Jan-19,Teenage activist takes School Strikes 4 Climate Action to Davos
24-Jan-19,"JCB paid Boris Johnson £10,000 three days before speech"
24-Jan-19,'It was like a public execution': American retail workers face mass layoffs
24-Jan-19,A quarter of the UK cabinet went to Davos: what are they doing there?
24-Jan-19,Coalition of major companies trial reusable packaging for online orders
24-Jan-19,Airbus brands UK government handling of Brexit 'a disgrace'
24-Jan-19,Heathrow trials digital control tower for third runway
24-Jan-19,BuzzFeed to lay off 200 staff in latest round of cuts
24-Jan-19,Brexit frontline  'No deal would be horrific': Welsh farmers brace themselves for Brexit
24-Jan-19,Tobacco: a deadly business  How diplomatic missions became entangled with the tobacco industry
24-Jan-19,Flying 'cars': Boeing lifts off in race to revolutionise travel
24-Jan-19,Spirit of the ‘ginaissance’: revival of gin fuels distillery boom
24-Jan-19,No-deal Brexit 'poses threat to global stability' – CBI head
23-Jan-19,Patisserie Valerie chair cashed out £40m from failed cafe chain
23-Jan-19,"David Davis trousering £96,000 for part-time roles since cabinet exit"
23-Jan-19,Prince William makes Davos appeal to break mental health stigma
23-Jan-19,"Nils Pratley on finance  


  Tesco trio cleared by a court but damned by other means"
23-Jan-19,Business live  Davos 2019: Prince William says mental health stigma must end - live
23-Jan-19,"UK retail sector shed 70,000 jobs in final months of 2018 – BRC"
23-Jan-19,The Guardian view on Davos: elites without answers
23-Jan-19,Metro Bank shares crash after loans blunder revealed
23-Jan-19,The real impact of proposed cuts to HS2 rail service
23-Jan-19,Brief letters  Better way to be a bean-counter
23-Jan-19,Florida: Republican 'green governor' seeks to reverse predecessor's legacy
23-Jan-19,Let us condemn the heresy of workspaces in churches
23-Jan-19,CBS refuses to run Super Bowl ad for medical marijuana
23-Jan-19,Bohemian Rhapsody director Bryan Singer says sexual misconduct claims are 'homophobic smear'
23-Jan-19,What should Davos fear most? Consumers’ deep distrust of business
23-Jan-19,"First thoughts  


  Wealthy Brexiteers like James Dyson are jumping ship. Why might that be?"
23-Jan-19,Bono: western world turning its back on HIV fight
23-Jan-19,"Project Syndicate economists  


  The money markets do recognise integrity … eventually"
23-Jan-19,Financing is improving for female-led startups – but there’s a long way to go
23-Jan-19,Tobacco: a deadly business  Revealed: the free-market groups helping the tobacco industry
23-Jan-19,Tobacco: a deadly business  Free-market groups and the tobacco industry – full database
23-Jan-19,Tobacco: a deadly business  How tobacco industry donations cloud debates over cigarette controls
23-Jan-19,"Santander to close 140 branches, putting more than 1,200 jobs at risk"
23-Jan-19,"Robot era shouldn't mean end to workers' rights, says UN agency"
23-Jan-19,Former Tesco executive Carl Rogberg cleared of fraud
23-Jan-19,Celebrity social media influencers pledge to change way they post
23-Jan-19,Bestjet: directors of collapsed travel company referred to regulator
23-Jan-19,UK rents fall for first time in a decade
23-Jan-19,Britain ‘could triple state aid for industry under EU rules’
23-Jan-19,Panic is on the agenda at Davos – but it’s too little too late
23-Jan-19,Marks & Spencer aims for simplicity in womenswear
23-Jan-19,'They couldn’t do more for you': small details make Torquay B&B a winner
23-Jan-19,Torquay B&B tops UK-dominated list of world's best
23-Jan-19,Union calls for Uber drivers and Airbnb hosts facing tax crackdown to be protected
23-Jan-19,Amazon knocked off top of UK consumer poll once ethics considered
23-Jan-19,Cash machine firms to be paid more in effort to stop further closures
23-Jan-19,Companies press Brexit panic button in further blow to Theresa May
23-Jan-19,Stock markets slip amid signs global economy is weakening
23-Jan-19,Forget Netflix - UK cinemas report best year at box office since 1970
23-Jan-19,Luke Johnson: from Pizza Express to Patisserie Valerie
22-Jan-19,"Nils Pratley on finance  


  Come on Sir James, future-proof Dyson against what?"
22-Jan-19,"Business live  Davos 2019: Jacinda Ardern calls for environmental 'guardianship', as Bolsonaro alarms activists - live"
22-Jan-19,Brexit goes glossy in Wetherspoon’s pubs
22-Jan-19,Councils need more tools to cut off rogue landlords’ profits
22-Jan-19,Jair Bolsonaro alarms climate activists with pro-business speech
22-Jan-19,UK pay growth surges as employment hits record high
22-Jan-19,"Shrinkflation: for those struggling, it's about more than just chocolate bars"
22-Jan-19,David Attenborough and Prince William take world leaders to task on environment
22-Jan-19,Police to interview man after digger smashed into new hotel
22-Jan-19,Patisserie Valerie falls into administration as bank talks fail
22-Jan-19,"Oscar nominations 2019: Roma and The Favourite deserve acclaim, but no female directors is woeful"
22-Jan-19,Dyson to move company HQ to Singapore
22-Jan-19,Online sales slow as UK shoppers rein in Christmas spending
22-Jan-19,Pollution at fracking protest site rises despite lack of fracking
22-Jan-19,Taking no deal off the table would leave us at the EU’s mercy
22-Jan-19,EasyJet says Gatwick drone chaos cost it £15m
22-Jan-19,"Backlog of financial ombudsman cases grows to 30,000"
22-Jan-19,Sports Direct deal saves four House of Fraser stores
22-Jan-19,The long read  The new elite’s phoney crusade to save the world – without changing anything
22-Jan-19,Human rights in focus  Factory that supplied Tesco compensated abused worker
21-Jan-19,"North-east England will be hit hardest by no-deal Brexit, says CBI"
21-Jan-19,May claims EU second referendum would threaten 'social cohesion'
21-Jan-19,"Business live  Davos 2019: Attenborough warns we have a decade to solve climate, or we're doomed - live!"
21-Jan-19,Patisserie Valerie shareholders frustrated by lack of information
21-Jan-19,David Attenborough tells Davos: ‘The Garden of Eden is no more’
21-Jan-19,IMF reminds US that a China slowdown is a drag for everyone
21-Jan-19,Pre-Davos survey shows sixfold rise in global CEOs' gloom
21-Jan-19,Human rights in focus  Why are wages so low for garment workers in Bangladesh?
21-Jan-19,"Human rights in focus  Tesco, Mothercare and M&S use factory paying workers 35p an hour"
21-Jan-19,Second thoughts: the rise of the celebrity side hustle
21-Jan-19,‘Heroin for middle-class nerds’: how Warhammer conquered gaming
21-Jan-19,Council urges ban on housing benefit being paid to rogue landlords
21-Jan-19,Roma and The Favourite triumph at the London Film Critics' Circle awards
21-Jan-19,IMF: no-deal Brexit and Chinese slump are biggest economic risks
21-Jan-19,"Brexit bites: more than 200 products subject to shrinkflation, says ONS"
21-Jan-19,Carlos Ghosn offers to wear ankle tag if he is granted bail in Japan
21-Jan-19,Just Eat chief executive Peter Plumb makes surprise exit
21-Jan-19,Founders of plastic waste alliance ‘investing billions in new plants’
21-Jan-19,England’s rebel spirit is rising – and it wants a no-deal Brexit
21-Jan-19,UK warehouse space nears capacity as firms stockpile for Brexit
20-Jan-19,China's economic growth slowest since 1990 amid trade war with US
20-Jan-19,Record numbers switched energy provider last year amid price hikes
20-Jan-19,Shareholders received record dividends of almost £100bn in 2018
20-Jan-19,"Over 23,000 shops and 175,000 high street jobs predicted to go in 2019"
20-Jan-19,Up to 25% wiped off house prices in some of UK's wealthiest areas
20-Jan-19,"World's 26 richest people own as much as poorest 50%, says Oxfam"
20-Jan-19,"McDonald's, fancy dress and a VW? Britons are doing death differently"
20-Jan-19,Mike Ashley in talks over rescue bid for struggling HMV
20-Jan-19,Striving for pay parity for ethnic minorities
20-Jan-19,Carmakers ramp up preparations for a no-deal Brexit
20-Jan-19,Patisserie Valerie could collapse this week if last-ditch talks fail
20-Jan-19,"Rogue landlords  Council pays rogue landlord £500,000 in housing benefit"
20-Jan-19,Plan to redirect inner-city funds to Tory shires 'a stitch-up’
20-Jan-19,"Economics viewpoint  


  Action not words needed over biggest public health failure of our time: pneumonia"
20-Jan-19,HSBC tells Welsh customer not to complain in 'foreign' language
20-Jan-19,"Observer business agenda  


  British bookies go from favourites to American outsiders"
20-Jan-19,'The goal is to automate us': welcome to the age of surveillance capitalism
20-Jan-19,"Business leader  


  One thing to be grateful to Brexit for: Britons are buying less on credit"
20-Jan-19,The shutdown has exposed the disaster that is Trumponomics
20-Jan-19,The Observer view: the Hitachi fiasco confirms that our energy policy now lies in ruins
19-Jan-19,"Whatever happens to Kelly O'Dwyer's seat, the Coalition are toast"
19-Jan-19,All stations to regeneration? Work on HS2 begins in earnest
19-Jan-19,Davos 2019: do the global elite have the will to fix the world's problems?
19-Jan-19,Can Britain’s butchers survive the vegan boom?
19-Jan-19,RAC accused of hiding 37% rise in cost of breakdown cover
19-Jan-19,Viagogo releases data showing huge scale of ticket touting
19-Jan-19,You're the expert  Should I volunteer to be a pension trustee?
19-Jan-19,Could renting without huge deposits become the norm?
19-Jan-19,‘We have always had a Marks & Spencer here. It's very sad’
19-Jan-19,Cautious consumers feel the pinch as Chinese economy slows
19-Jan-19,Patisserie Valerie locked in talks over banking lifeline
19-Jan-19,Slipper maker Mahabis rescued by Simba Sleep founder
19-Jan-19,"Business live  Stock markets rally on trade hopes, but UK retail sales fall - as it happened"
19-Jan-19,Windfarm industry urges UK to lift onshore subsidies ban
19-Jan-19,Scrapping of nuclear plant should see UK renewables filling the void
19-Jan-19,Post-Brexit trade deals are a priority
19-Jan-19,Wellcome Trust could become first big employer to launch four-day week
19-Jan-19,Climate change threat to Germans’ need for speed on Autobahn
19-Jan-19,Showboat: billionaire NFL team owner installs Imax cinema on superyacht
19-Jan-19,Grimes and Azealia Banks subpoenaed in Elon Musk lawsuit
18-Jan-19,No-deal Brexit could stem the supply of Mother's Day flowers
18-Jan-19,Ryanair issues profit warning as winter fares fall
18-Jan-19,"Tesla to cut more than 3,000 jobs because cars 'still too expensive'"
18-Jan-19,Gold prices gleam amid Brexit and US shutdown uncertainty
18-Jan-19,"Carlos Ghosn received £6.9m in 'improper' payments, says Nissan"
18-Jan-19,UK shoppers rein in spending as fears grow over economy
18-Jan-19,UK manufacturers set cash aside in case of no-deal Brexit
18-Jan-19,Netflix adds 8.8 million subscribers as its stock falls over spending fears
18-Jan-19,Scottish shopping centre up for sale with reserve price of £1
18-Jan-19,"Nils Pratley on finance  


  The government is not quite ready to drop its obsession with nuclear"
18-Jan-19,RBS seeks to buy government shares worth up to £1.4bn
18-Jan-19,The Guardian view on nuclear power: expensive mistakes
18-Jan-19,"Philips to close last UK manufacturing plant, putting 430 jobs at risk"
18-Jan-19,Oxford places ban on donations and research grants from Huawei
18-Jan-19,Debenhams rating cut raises fears of creditors going unpaid
18-Jan-19,Business live  Credit card demand faces record drop as Brexit spooks borrowers - as it happened
18-Jan-19,ITV shares fall as broadcasters are warned not to underestimate Netflix
18-Jan-19,Brexit department uses seven 'gagging orders' as firms plan for no deal
18-Jan-19,Primark sales defy UK high street gloom
18-Jan-19,La Caixa collection review – Whitechapel's tapas leaves me hungry
17-Jan-19,"Demand for credit cards and mortgages in UK falling fast, warns BofE"
17-Jan-19,What role does nuclear power play in UK and what are alternatives?
17-Jan-19,Premier Inn owner says bookings are falling outside London
17-Jan-19,Does Hitachi decision mean the end of UK's nuclear ambitions?
17-Jan-19,Why ‘Slutty Vegan’ became a hit in Atlanta – a city known for its barbecue
17-Jan-19,China accuses US of suppressing its high-tech companies
17-Jan-19,Hitachi scraps £16bn nuclear power station in Wales
17-Jan-19,Checks on both sides of Irish border ‘mandatory under no-deal Brexit’
17-Jan-19,The long read  How a deluge of money nearly broke the Premier League
17-Jan-19,More than 170 business leaders join call for second Brexit referendum
17-Jan-19,UK house prices fall at fastest rate in six years on back of Brexit – Rics
17-Jan-19,Business live  Mark Carney: Financial markets think no-deal Brexit less likely - as it happened
17-Jan-19,"Nils Pratley on finance  


  Santander recruitment farce puts greed and hubris centre stage"
17-Jan-19,Viagogo briefly discloses details of touts before deadline
17-Jan-19,Industry alliance sets out $1bn to tackle oceans' plastic waste
17-Jan-19,Patisserie Valerie says its accounts were 'significantly manipulated'
17-Jan-19,Durex owner’s £100m chief Rakesh Kapoor to step down
17-Jan-19,"Markets expect Brexit to be delayed, Bank of England governor says"
17-Jan-19,UK inflation falls to lowest level in two years
17-Jan-19,Goldman chief says sorry over ex-banker's role in 1MDB scandal
16-Jan-19,Business leaders warn of 'supertanker GB' heading for the rocks
16-Jan-19,Sears to stay open after chairman wins $5bn bankruptcy auction
16-Jan-19,'We're about to be thrown under a Boris bus': businesses on a no-deal Brexit
16-Jan-19,Crumbs! Judge deems brownie a cake and free from VAT charges
16-Jan-19,Paperchase considers closing stores amid high street gloom
16-Jan-19,No 10 rules out customs union before cross-party talks begin
16-Jan-19,M&S to start selling loose fruit and veg in shift away from plastic
16-Jan-19,Asos rival Boohoo draws strong sales from young shoppers
16-Jan-19,How much? Santander's choice of new boss deemed too dear
16-Jan-19,'It's union busting 101': documents reveal Verizon's attacks on organized labor
16-Jan-19,"Global tensions holding back climate change fight, says WEF"
16-Jan-19,"Nils Pratley on finance  


  Flybe's sale is right for staff and passengers"
16-Jan-19,Asia markets subdued and sterling volatile as scale of May's Brexit defeat sinks in
16-Jan-19,Ex-California utility CEO to receive $2.5m severance amid firm's bankruptcy
16-Jan-19,"Business live  China pledges economic stimulus, as German growth hits five-year low - as it happened"
16-Jan-19,Hedge fund use of private exit polls attracts City watchdog
16-Jan-19,Nestlé targets the last of the Smarties plastic caps
16-Jan-19,Netflix to raise US prices for first time since 2017
16-Jan-19,Marks & Spencer closes 17 more stores in new blow to high street
16-Jan-19,China unleashes tax cuts in bid to halt economic slowdown
15-Jan-19,The primacy of climate change
15-Jan-19,McDonald's loses Big Mac trademark after legal battle with Irish chain
15-Jan-19,"Classical music streaming is up. Good news, but there's plenty more to win"
15-Jan-19,Flybe to stay in air as Virgin Atlantic-led group injects cash
15-Jan-19,Ford and Volkswagen announce alliance to cut costs in face of tech revolution
15-Jan-19,Theresa May will need more than warm words to revive left-behind Britain
15-Jan-19,Box office analysis: UK  Stan & Ollie laugh it up as takings outstrip Mary Poppins at UK box office
15-Jan-19,Seascape: the state of our oceans  'One fish at a time': Indonesia lands remarkable victory
15-Jan-19,A Boogie Wit Da Hoodie tops US album chart with record low of 823 sales
15-Jan-19,Persimmon expects higher profits as help-to-buy props up prices
15-Jan-19,"Consumer champions  Why has PayPal frozen £2,000 of our charity money?"
15-Jan-19,"Surge in outsourcing after Carillion collapse 'staggering', unions say"
15-Jan-19,California utility firm suspected of starting deadly wildfires goes bankrupt
15-Jan-19,"Nils Pratley on finance  


  As Sports Direct chases dying stores, JD wins 'athleisure' race"
15-Jan-19,Azerbaijani banker’s £1m diamond ring seized in ‘dirty money’ inquiry
15-Jan-19,Magistrates and short jail sentences
15-Jan-19,Scandalous increase in school exclusions
15-Jan-19,Boris Johnson dismisses Brexit claims of Jaguar Land Rover boss
15-Jan-19,"Barclays on wrong side of history with climate policy, says Greenpeace"
15-Jan-19,Business live  Recession fears grow as eurozone factories stumble and China's exports fall - as it happened
14-Jan-19,"Cathay Pacific sells $16,000 tickets at economy prices – again"
14-Jan-19,UK advertising market faces recession under no-deal Brexit
14-Jan-19,SSE hits out after Bulb claims big energy firms are squeezing families
14-Jan-19,German CDU leader criticises anti-diesel 'crusades'
14-Jan-19,Global economy fears grow as China and eurozone slump
14-Jan-19,JD Sports sales race ahead despite high street slowdown
14-Jan-19,The briefing  Ion age: why the future will be battery powered
14-Jan-19,Consumer champions  An unpaid Three mobile bill wrecked my credit rating
14-Jan-19,Pessimism clouds UK banking as demand for services drops
14-Jan-19,"UK jobs boom strongest in South Yorkshire and Merseyside, thinktank finds"
14-Jan-19,"Former Nissan chief Carlos Ghosn suffering 'draconian' treatment in jail, wife says"
14-Jan-19,Bangladesh strikes: thousands of garment workers clash with police over poor pay
14-Jan-19,Just Eat under fire over allergens found in takeaway meals
14-Jan-19,Javid and Hammond team up to tackle £14bn of economic crimes
14-Jan-19,Potential HMV buyers given until Tuesday to make an offer
14-Jan-19,"Economics viewpoint  


  Is it time to trim the UK Treasury?"
14-Jan-19,"HS2 may run fewer, slower trains to stay on budget and schedule"
14-Jan-19,Salt caverns double as UK gas stores to beat cold snaps
14-Jan-19,The government shutdown's latest victim? Craft beer
14-Jan-19,"Business leader  


  UK manufacturers can afford to wait on an EU deal, but not to crash out"
13-Jan-19,The Great Boston Molasses Flood: why the strange disaster matters today
13-Jan-19,"Observer business agenda  


  Can Persimmon start building a better reputation?"
13-Jan-19,"William Keegan's in my view  


  On Brexit, Jeremy Corbyn only listens to the Leavers. Why?"
13-Jan-19,Brexit brings surprise boost for Bulgarian resorts
13-Jan-19,Carmakers gather for last winter in Detroit as auto show switches to June
13-Jan-19,Closing down sale: is this the end of Sears?
13-Jan-19,'Ridiculous': report Ivanka Trump could lead World Bank meets scorn
13-Jan-19,Stricken carmakers stall at the crossroads of a radical future
13-Jan-19,The sub-prime timebomb is back – this time companies are lighting the fuse
13-Jan-19,How millennials have put a spoke in the wheels of Britain’s bicycle shops
13-Jan-19,Immigration curbs after Brexit will 'pull rug' from the Highlands
13-Jan-19,"No-deal Brexit will kill startups, say eco-coffee capsule firm bosses"
13-Jan-19,Small energy firms' customers warned over credit as Economy fails
13-Jan-19,Gambling on credit cards could be banned in overhaul of betting
13-Jan-19,"Morrisons cheapest supermarket for online shopping, says Which?"
13-Jan-19,Sports Direct hits out at Debenhams for rejecting £40m loan
13-Jan-19,"Beneath the bonnet of the UK economy, there are plenty of faults"
13-Jan-19,The Entertainer retailer stockpiles summer toys as Brexit fears mount
13-Jan-19,"Ford cost-cutting could lead to 1,000 job losses at Bridgend plant"
13-Jan-19,MPs attack ministers over delay to tax havens' public registers
11-Jan-19,Sportswear brands expand men's yoga ranges
11-Jan-19,Business live  UK growth hits six-month low as Brexit looms - as it happened
11-Jan-19,"Project Syndicate economists  


  What are biggest risks to the global economy in 2019?"
11-Jan-19,Hitachi set to cancel plans for £16bn nuclear power station in Wales
11-Jan-19,Christmas retail: winners and losers on the UK high street
11-Jan-19,CES 2019: from beer tech to a banned sex toy – 10 standout gadgets
11-Jan-19,Poland arrests Huawei worker on allegations of spying for China
11-Jan-19,Japanese bank blames Brexit for move to Amsterdam
11-Jan-19,Car industry malaise drags down UK GDP growth to 0.3%
11-Jan-19,Fashion chain Quiz issues profit warning after slow Christmas
11-Jan-19,Virgin Atlantic swoops on troubled Flybe with £2.2m bid
11-Jan-19,When life gives you lemons – and then charges you $13/kg
11-Jan-19,Carlos Ghosn indicted on fresh financial misconduct charges in Japan
11-Jan-19,Ministers 'betraying British businesses' over lending scandals
11-Jan-19,Ikea in New Zealand: build-up falls flat with news of a shop in a few years' time
11-Jan-19,"No-deal Brexit would put thousands of UK jobs at risk, CBI to warn"
11-Jan-19,Renault finds no illegal payments to Carlos Ghosn in past two years
11-Jan-19,John Lewis may suspend staff bonus as retail slump bites
11-Jan-19,EU investigates Nike's tax status in the Netherlands
11-Jan-19,Tesco and M&S stockpile tinned food to prepare for no-deal Brexit
10-Jan-19,Business live  Debenhams chairman out; JLR and Ford cut jobs; M&S and John Lewis's Christmas struggle -as it happened
10-Jan-19,"Viewpoint column  


  Don't blame job losses at Jaguar Land Rover and Ford on Brexit"
10-Jan-19,BA pulls advert showing couple winning on slot machines
10-Jan-19,Debenhams chairman and its CEO ousted from board by Mike Ashley
10-Jan-19,"Four in 10 UK first-time buyers will retire with mortgages, FCA warns"
10-Jan-19,Former official condemns NSW government for failure to reform building rules
10-Jan-19,Big rise in UK energy bills likely this spring despite price cap
10-Jan-19,Graphics dispute plunges British gaming company into crisis
10-Jan-19,Women in technology  'People here look after each other': life as a woman in the Scottish tech sector
10-Jan-19,UK train firms named and shamed over late compensation
10-Jan-19,Ofo cycle hire firm pulls out of London
10-Jan-19,The big cheese mountain: America's stockpile nears record high
10-Jan-19,Brighton Pier owner issues profit warning
10-Jan-19,The new Congress will do nothing for small business – and that's fine by us
10-Jan-19,Tesco beats Christmas retail blues with strong sales rise
10-Jan-19,One perfect shot: the unsung power of cinematography
10-Jan-19,Jaguar Land Rover and Ford to axe thousands of jobs
10-Jan-19,Ted Baker beats festive sales slump despite 'forced hugs' claims
10-Jan-19,Halfords blames mild weather and weak demand for profit slip
10-Jan-19,"Jaguar Land Rover may cut up to 5,000 jobs"
10-Jan-19,Dog food made from insects to go on sale in UK for first time
10-Jan-19,Labor rejects call to freeze superannuation rate until flaws fixed
10-Jan-19,Shops suffer worst December in a decade as Brexit fears take toll
10-Jan-19,"Viewpoint column  


  US-China trade war: is the time ripe for peace to break out?"
10-Jan-19,TV review  Cleaning Up review: Sheridan Smith’s stock keeps on rising
10-Jan-19,Business live  US 'plans next steps' after trade talks with China end - as it happened
10-Jan-19,Chinese car sales fall for first time in more than 20 years
10-Jan-19,Hardy Amies fashion house falls into administration
10-Jan-19,Amazon confirms it pays UK business rates of only £63.4m
10-Jan-19,Sainsbury's Christmas sales hit by struggles at Argos
10-Jan-19,Bestjet director claims collapse caused by $3.2m payment that ‘did not materialise’
10-Jan-19,Shortcuts  Naked lunch: why diners couldn't stomach the Paris nudist restaurant
10-Jan-19,Greggs struggles to keep up with demand for vegan sausage rolls
10-Jan-19,UK worker productivity growth falls to two-year low on back of Brexit concerns
10-Jan-19,Businesses to demand emergency measures if MPs reject Brexit deal
10-Jan-19,Shutdown hits American farmers already hurt by China trade war
10-Jan-19,Mothercare woes deepen after Christmas sales plunge
10-Jan-19,Brexit utopia is a receding dream – instead Britain faces a food shortage
10-Jan-19,Hargreaves Lansdown under fire over Wealth 150 list
10-Jan-19,"Retailers broke rules by listing real fur items as fake, ASA says"
9-Jan-19,Toxic fumes threaten our children. We have to take on the pollution lobby
9-Jan-19,Payday loan firm accused over 'cynical Christmas ad'
9-Jan-19,"Business live  Germany recession fears grow, but trade war optimism boosts markets - as it happened"
9-Jan-19,World Bank warns of wider no-deal Brexit fallout
9-Jan-19,Loss-making WeWork rebrands to The We Company
9-Jan-19,BA flies in to gambling storm with casino winners ad
9-Jan-19,"Viewpoint column  


  It's not Brexit Britain most likely to have a recession. It's Germany"
9-Jan-19,Clothing chain Joules defies retail gloom with strong Christmas sales
9-Jan-19,Sears liquidation looms after $4.4bn takeover deal faulters
9-Jan-19,Ed Miliband urges Corbyn to do more to solve housing crisis
9-Jan-19,Fall of the iCurtain: Apple brings iTunes to Samsung smart TVs
9-Jan-19,BT could lose millions of pounds of EU contracts after Brexit
9-Jan-19,"Economy Energy collapse leaves 235,000 in the lurch"
9-Jan-19,Box office analysis: UK  The Favourite begins reign at UK box office after Golden Globes glory
9-Jan-19,"UK house prices rise at fastest rate in almost two years, says Halifax"
9-Jan-19,Amazon and the homeless: a tale of two Long Island cities
9-Jan-19,Two-thirds of UK shoppers visited Aldi or Lidl over Christmas
9-Jan-19,"Heathrow may add 25,000 flights a year before third runway"
9-Jan-19,"'I always acted with integrity', Carlos Ghosn tells court in first public appearance"
9-Jan-19,Snoozing on the job: Japanese firms tackle epidemic of sleeplessness
7-Jan-19,Would Alexandria Ocasio-Cortez’s 70% tax proposal work in UK?
7-Jan-19,"Viewpoint column  


  Car sales chuff along even as Brexit doom dents big-ticket spending"
7-Jan-19,Barclays threatened with boardroom shake-up as investor calls for vote
7-Jan-19,Canada: indigenous anti-pipeline protesters call police presence ‘act of war’
7-Jan-19,City firms prepare to shift £800bn out of UK as Brexit looms
7-Jan-19,"Brexit to slash farmland prices by up to a fifth, forecasts say"
7-Jan-19,Why private schools are opting out of GCSE and A-level exams
7-Jan-19,Excellent education in Leicester and Hull
7-Jan-19,Workers need a voice to enforce their rights
7-Jan-19,Aldi UK reports record Christmas week amid rising premium sales
7-Jan-19,Half-baked: what Greggs’ vegan sausage roll says about Brexit Britain
7-Jan-19,Jim Yong Kim resigns as World Bank president
7-Jan-19,'Europe's Silicon Valley': Denmark plans nine new islands
7-Jan-19,Business live  Brexit blamed as UK car sales suffer biggest fall since financial crisis – as it happened
7-Jan-19,Dutch eco initiative halves energy bills in first UK homes
7-Jan-19,Brompton stockpiles £1m of bike parts in case of hard Brexit
7-Jan-19,"Project Syndicate economists  


  How will central bankers cope when the next recession comes?"
7-Jan-19,Dunelm's festive sales rise as unicorn-themed products prove popular
7-Jan-19,US and China resume trade talks with both eager for compromise
7-Jan-19,Diesel decline and Brexit uncertainty push down UK car sales
6-Jan-19,Morrisons slashes prices as supermarkets vie for customer loyalty
6-Jan-19,"Average UK household debt now stands at record £15,400"
6-Jan-19,Disney spent £100m making the new Mary Poppins in the UK
6-Jan-19,"RBS critic pays £20,000 for billboard criticising bank"
6-Jan-19,The battle of Hastings pier heats up as owner shuts gates
6-Jan-19,Super-rich sabbatical: the boom in luxury long breaks for the 1%
6-Jan-19,"Economics viewpoint  


  China's moon landing proves it is more than just a paper dragon"
6-Jan-19,The 11-year-old who started a business to help her furloughed mother
6-Jan-19,Observer special report  The death of Venice? City’s battles with tourism and flooding reach crisis level
6-Jan-19,"Business leader  


  To woo China, Apple must learn that it’s not in California any more"
6-Jan-19,"Observer business agenda  


  M&S: another five-year plan, still no great leap forward"
6-Jan-19,High Street’s big names on alert for crucial sales figures
6-Jan-19,Pessimists are predicting a global crash in 2020. You can see why
6-Jan-19,Seven ways technology will change in 2019
6-Jan-19,"As China feels US tariffs bite, a chill spreads around the world"
6-Jan-19,Fears grow in Africa that the flood of funds from China will start to ebb
6-Jan-19,Ryanair ranked 'worst airline' for sixth year in a row
6-Jan-19,"China's faltering economy gives US stronger hand in trade talks, Trump says"
6-Jan-19,Britons hang up the landline as call volumes halve
6-Jan-19,No-deal Brexit: plan to use airfield as lorry park to get live test
4-Jan-19,Coalition's majority faces test as Nationals MP backs Labor on competition laws
4-Jan-19,Brexit anxiety drags UK economy almost to standstill
4-Jan-19,Ex-Credit Suisse bankers arrested in $2bn fraud investigation
4-Jan-19,Brexit stockpiling and the bullwhip effect
4-Jan-19,"Bitcoin: after 10 wild years, what next for cryptocurrencies?"
4-Jan-19,Monarch's engineering arm collapses with loss of 450 jobs
4-Jan-19,"Brexit ferry firm: the lawyer, the submariner and the shotgun-toting former veal exporter"
4-Jan-19,"US adds 312,000 jobs in December, far surpassing expectations"
4-Jan-19,'Low and no' to extreme craft: the drink trends for 2019
4-Jan-19,Body parts scandal: boss vows to fight for firm 'to the very end'
4-Jan-19,All aboard Chris Grayling’s Brexit pizza ferry – what could possibly go wrong?
4-Jan-19,"UK house prices take pre-Brexit hit, says Nationwide"
4-Jan-19,"Herb Kelleher, pioneer of low-cost air travel, dies aged 87"
4-Jan-19,Wells Fargo employees say little has changed since fake accounts scandal
4-Jan-19,"First thoughts  


  Fat Cat Friday should shatter the myth that Britain’s bosses deserve their pay"
4-Jan-19,Cheap rail fares would mainly benefit the rich? That’s muddled thinking
4-Jan-19,Eurostar expands London-Amsterdam service to three trains a day
4-Jan-19,The long read  Protein mania: the rich world’s new diet obsession
4-Jan-19,UK CEOs make more in first three days of 2019 than worker's annual salary
4-Jan-19,Next's Christmas saved by late splurge from shoppers
3-Jan-19,Apple’s shock downgrade rattles global stock markets
3-Jan-19,Former head of failed Air Australia was involved with Bestjet before collapse
3-Jan-19,Ethical questions for ad industry and academia
3-Jan-19,Let’s make 2019 the year of a green new deal
3-Jan-19,Drug firm Bristol-Myers Squibb buys US rival Celgene in $74bn deal
3-Jan-19,Apple's woes go far beyond the slowdown in the Chinese economy
3-Jan-19,Ryanair secures guarantee from CAA for post-Brexit flights
3-Jan-19,UK construction firms suffer slowdown amid Brexit worries
3-Jan-19,'Leading the entertainment pack': UK print book sales rise again
3-Jan-19,Treasury appoints two women to senior roles at Bank of England
3-Jan-19,Vogue publisher Condé Nast reports annual loss of £14m
3-Jan-19,iPhone slump: the rivals taking a bite out of Apple
3-Jan-19,New lithium hydroxide factory in Western Australia wins federal approval
3-Jan-19,UK manufacturers facing biggest worker shortage in 30 years
3-Jan-19,Apple stocks tumble after company cuts forecasts for key quarter
3-Jan-19,Falling dollar reflects global concern all is not well in the Australian economy
3-Jan-19,UK power stations' electricity output lowest since 1994
3-Jan-19,'Christmas from hell' caps bad year for high street DVD sellers
3-Jan-19,Australian dollar hits 10-year low after dipping below 70c benchmark
3-Jan-19,US markets start 2019 with a whimper as Trump blames 'glitch' for 2018 losses
2-Jan-19,Methodist fund wrote to Ted Baker about harassment allegations
2-Jan-19,UK housing market is a ‘goldmine’ for wealthy foreign buyers
2-Jan-19,Plastic bottle deposit scheme in UK proving hit with shoppers
2-Jan-19,Tesla triples deliveries of electric cars but share price tumbles
2-Jan-19,Box office analysis: UK  Mary Poppins Returns is Christmas winner at UK box office
2-Jan-19,"Cathay Pacific error sees $16,000 flights sold for $675"
2-Jan-19,John Lewis sales benefit from late Christmas rush
2-Jan-19,Greggs launches vegan sausage roll
2-Jan-19,Factory output jumps as stockpiling increases amid Brexit fears
2-Jan-19,Grayling defends giving Brexit ferry contract to company with no ships
2-Jan-19,What is the energy price cap and how does it work?
2-Jan-19,Four reasons why Guardian readers hate taking the train
2-Jan-19,Markets dive as China manufacturing weakens in bleak start to 2019
2-Jan-19,Bestjet collapse leaves angry customers thousands out of pocket
2-Jan-19,Plane crash deaths jump sharply in 2018 – but fatalities 'still rare'
2-Jan-19,City braced for bad news over Christmas retail figures
2-Jan-19,"New highs, old lows – things to watch out for in 2019"
2-Jan-19,Gadgets: the hardest thing to make now is a profit
2-Jan-19,Topshop's decline marks the end of the high street's golden age
2-Jan-19,'We are not robots': Amazon warehouse employees push to unionize
1-Jan-19,Gender pay gap: companies under pressure to act in 2019
1-Jan-19,The Guardian's share tips for 2019
1-Jan-19,Innovations in development  Turning air into drinking water: Africa's inspired inventors
1-Jan-19,Ex-employee describes 'cut-throat' culture at firm that fines sick staff
1-Jan-19,The briefing  Hello 2019 – what are you likely to bring?
1-Jan-19,Top UK firms to reveal executive-worker pay gap under new rules
1-Jan-19,Wall Street's tumultuous 2018 ends with a modest rise
1-Jan-19,"Business live  FTSE 100 suffers worst year in a decade, falling 12.5% in 2018 - as it happened"
1-Jan-19,2018 highs and lows: five markets that have surged or slumped
1-Jan-19,Upmarket slipper brand Mahabis calls in administrators
1-Jan-19,No-deal Brexit ferries: who gets funds and how was contract awarded?
1-Jan-19,FTSE 100 tumbles by 12.5% in 2018 – its biggest fall in a decade
1-Jan-19,Millions to see annual energy bills drop as price cap takes effect
1-Jan-19,Bright future? Fashion's watershed year as it moves from waste to woke
1-Jan-19,Brexit ferry firm says it will be up and running before end of March
1-Jan-19,Australian shares have worst year since 2011 amid growing economic concerns
1-Jan-19,Carlos Ghosn: Japanese court detains ex-Nissan chief for 10 more days
1-Jan-19,Retailers' Christmas woes to become clearer this week
1-Jan-19,Food prices to finance: what a no-deal Brexit could mean for Britain
1-Jan-19,Observer business agenda  Business own goals: 2018's worst corporate blunders